URL,H1,Meta_Description,Keywords,Search_Intent
/neurociencia/fundamentos/sistema-glinfatico-limpieza-cerebral,"Sistema glinfático: El mecanismo de limpieza cerebral durante el sueño profundo","Explora cómo el sistema glinfático elimina toxinas del cerebro durante el sueño profundo. Descubre la evidencia científica más reciente.","sistema glinfático, sueño profundo, limpieza cerebral, eliminación de toxinas, salud cerebral",Informacional
/neurociencia/sueño/horas-dormir-necesidad-individual,"¿Es realmente necesario dormir 8 horas? La neurobiología del descanso individualizado","Descubre si el mito de las 8 horas de sueño es real o si tu cerebro necesita menos o más descanso según la neurociencia.","horas de sueño, dormir 8 horas mito, necesidad de sueño, descanso individual, neurobiología sueño",Desmitificación
/neurociencia/tecnologia/luz-azul-pantallas-impacto-sueño,"¿Luz azul o luz brillante? Cómo las pantallas de noche alteran tu arquitectura del sueño","Descubre cómo la luz azul de los dispositivos electrónicos retrasa la melatonina y altera tu descanso. Guía científica 2024.","luz azul pantallas, melatonina sueño, impacto luz azul, ritmos circadianos, luz nocturna cerebro",De Problema
/neurociencia/neurodiversidad/tdah-mujeres-adultas-manifestaciones,"TDAH en mujeres adultas: Por qué es invisible y cómo se manifiesta en el cerebro","Descubre por qué el TDAH en mujeres adultas a menudo se diagnostica tarde y cuáles son sus rasgos neurobiológicos específicos.","TDAH mujeres adultas, síntomas TDAH mujeres, diagnóstico TDAH tardío, enmascaramiento cognitivo, neurodiversidad femenina",Perfil de Condición
/neurociencia/neuropsicologia/tdah-adultos-sintomas-reales,"TDAH en el adulto: Mucho más que falta de atención y distracción","Descubre cómo se manifiesta el TDAH en la vida adulta más allá de la falta de atención. Guía sobre funciones ejecutivas e impulsividad.","TDAH adultos síntomas, déficit de atención adultos, funciones ejecutivas TDAH, impulsividad adultos, diagnóstico TDAH adulto",Informacional
/neurociencia/desmitificacion/tdah-medicacion-adiccion-mitos,"¿Es adictivo el tratamiento del TDAH? El mito de la medicación y el cerebro","Analizamos si los fármacos para el TDAH causan adicción según la neurociencia. Desmontamos mitos sobre estimulantes.","tratamiento TDAH adicción, estimulantes TDAH peligros, mitos medicación TDAH, seguridad fármacos TDAH, neurobiología tratamiento",Desmitificación
/neurociencia/neuropsicologia/memoria-neurobiologia-almacenamiento,"Neurobiología de la memoria: Cómo tu cerebro guarda (y olvida) lo que aprendes","Descubre los mecanismos celulares de la memoria, desde el hipocampo hasta la plasticidad sináptica. Guía científica 2024.","neurobiología memoria, hipocampo memoria, plasticidad sináptica, LTP memoria, cómo funciona la memoria",Informacional
/neurociencia/neuropsicologia/memoria-trabajo-functions-ejecutivas,"La memoria de trabajo: El espacio de trabajo consciente de tu cerebro","Descubre qué es la memoria de trabajo y por qué es clave para tu rendimiento diario. Guía sobre neurociencia y funciones ejecutivas.","memoria de trabajo, memoria operativa, funciones ejecutivas, atención memoria, rendimiento cognitivo",Informacional
/neurociencia/desmitificacion/mitos-memoria-falsos-recuerdos,"Mitos de la memoria: ¿Podemos confiar en lo que recordamos?","Descubre por qué la memoria no es una cámara de vídeo y cómo se crean los falsos recuerdos. Guía sobre neurociencia y fiabilidad.","mitos memoria, falsos recuerdos, memoria reconstructiva, fiabilidad memoria, cómo recordamos",Desmitificación
/neurociencia/tecnologia/adiccion-digital-dopamina-mecanismos,"Adicción digital y dopamina: ¿Por qué no puedes soltar el móvil?","Descubre cómo las apps hackean tu sistema de recompensa y qué papel juega la dopamina en el uso del móvil. Guía científica 2024.","adiccion digital dopamina, redes sociales adicción, sistema de recompensa móvil, economía de la atención, desintoxicación digital",De Problema
/neurociencia/tecnologia/multitarea-mito-productividad-atencion,"Multitarea: El mito neurobiológico de la productividad","Descubre por qué tu cerebro no puede hacer dos cosas a la vez y cómo la multitarea reduce tu coeficiente intelectual.","multitarea mito, multitasking cerebro, atención dividida, coste de cambio cognitivo, productividad real",Desmitificación
/neurociencia/tecnologia/ia-cerebro-humano-cambios-cognitivos,"IA y cerebro humano: ¿Cómo la inteligencia artificial está cambiando nuestra forma de pensar?","Descubre cómo el uso de la IA afecta a tu cerebro y a tus procesos de aprendizaje. Guía sobre neurociencia y tecnología 2024.","IA cerebro humano, impacto IA cognición, aprendizaje IA, neuroplasticidad tecnología, futuro pensamiento humano",De Tendencia
/neurociencia/salud-mental/estres-cronico-eje-hpa-mecanismos,"Estrés crónico y el eje HPA: Cuando tu cuerpo no deja de luchar","Descubre qué es el eje HPA y cómo el estrés crónico afecta a tu cerebro y a tus niveles de cortisol. Guía científica 2024.","estrés crónico eje HPA, cortisol estrés cerebro, amígdala estrés, respuesta lucha o huida, salud cerebral estrés",De Problema
/neurociencia/salud-mental/resiliencia-neurobiologia-mecanismos,"Neurobiología de la resiliencia: ¿Por qué unos resisten mejor que otros?","Descubre qué hace a un cerebro resiliente y cómo puedes fortalecer tus circuitos frente al estrés. Guía científica 2024.","resiliencia neurobiología, cerebro resiliente, mecanismos estrés, plasticidad cerebral resiliencia, factores protectores estrés",Informacional
/neurociencia/salud-mental/eustres-vs-distres-estres-positivo,"¿Es posible el 'estrés positivo'? Entendiendo el eustrés frente al distrés","Descubre qué es el eustrés o estrés positivo y por qué tu cerebro lo necesita para rendir al máximo. Guía científica 2024.","eustrés distrés, estrés positivo, rendimiento y estrés, motivación cerebro, salud mental eustrés",Informacional
